subcat,name,value,cat,dir
computers and processors,2009,0.491981,Machinery & mechanical appliances,Export
computers and processors,2010,1.555353,Machinery & mechanical appliances,Export
computers and processors,2011,1.866672,Machinery & mechanical appliances,Export
computers and processors,2012,2.5046489999999997,Machinery & mechanical appliances,Export
computers and processors,2013,1.915402,Machinery & mechanical appliances,Export
computers and processors,2014,1.711759,Machinery & mechanical appliances,Export
computers and processors,2015,1.181071,Machinery & mechanical appliances,Export
computers and processors,2016,1.242648,Machinery & mechanical appliances,Export
computers and processors,2017,1.675606,Machinery & mechanical appliances,Export
computers and processors,2018,2.236009,Machinery & mechanical appliances,Export
computers and processors,2019,2.065226,Machinery & mechanical appliances,Export
computers and processors,2020,2.6800129999999998,Machinery & mechanical appliances,Export
computers and processors,2021,3.301539,Machinery & mechanical appliances,Export
computers and processors,2022,2.931464,Machinery & mechanical appliances,Export
computers and processors,2023,2.9167959999999997,Machinery & mechanical appliances,Export
computers and processors,2024,3.172777,Machinery & mechanical appliances,Export
computers and processors,2025,0.950938202,Machinery & mechanical appliances,Export
Self-propelled construction machines,2009,0.05155,Machinery & mechanical appliances,Export
Self-propelled construction machines,2010,0.172344,Machinery & mechanical appliances,Export
Self-propelled construction machines,2011,0.385067,Machinery & mechanical appliances,Export
Self-propelled construction machines,2012,0.5581929999999999,Machinery & mechanical appliances,Export
Self-propelled construction machines,2013,0.485391,Machinery & mechanical appliances,Export
Self-propelled construction machines,2014,0.358088,Machinery & mechanical appliances,Export
Self-propelled construction machines,2015,0.10487300000000001,Machinery & mechanical appliances,Export
Self-propelled construction machines,2016,0.132267,Machinery & mechanical appliances,Export
Self-propelled construction machines,2017,0.305347,Machinery & mechanical appliances,Export
Self-propelled construction machines,2018,0.342285,Machinery & mechanical appliances,Export
Self-propelled construction machines,2019,0.382827,Machinery & mechanical appliances,Export
Self-propelled construction machines,2020,0.362781,Machinery & mechanical appliances,Export
Self-propelled construction machines,2021,0.852025,Machinery & mechanical appliances,Export
Self-propelled construction machines,2022,1.7067539999999999,Machinery & mechanical appliances,Export
Self-propelled construction machines,2023,2.448218,Machinery & mechanical appliances,Export
Self-propelled construction machines,2024,2.152353,Machinery & mechanical appliances,Export
Self-propelled construction machines,2025,0.7110937249999999,Machinery & mechanical appliances,Export
Valves and taps for pipes and tanks,2009,0.207793,Machinery & mechanical appliances,Export
Valves and taps for pipes and tanks,2010,0.353877,Machinery & mechanical appliances,Export
Valves and taps for pipes and tanks,2011,0.45226799999999995,Machinery & mechanical appliances,Export
Valves and taps for pipes and tanks,2012,0.5339550000000001,Machinery & mechanical appliances,Export
Valves and taps for pipes and tanks,2013,0.551196,Machinery & mechanical appliances,Export
Valves and taps for pipes and tanks,2014,0.598831,Machinery & mechanical appliances,Export
Valves and taps for pipes and tanks,2015,0.468023,Machinery & mechanical appliances,Export
Valves and taps for pipes and tanks,2016,0.44794,Machinery & mechanical appliances,Export
Valves and taps for pipes and tanks,2017,0.5255599999999999,Machinery & mechanical appliances,Export
Valves and taps for pipes and tanks,2018,0.621035,Machinery & mechanical appliances,Export
Valves and taps for pipes and tanks,2019,0.655172,Machinery & mechanical appliances,Export
Valves and taps for pipes and tanks,2020,0.670917,Machinery & mechanical appliances,Export
Valves and taps for pipes and tanks,2021,0.840474,Machinery & mechanical appliances,Export
Valves and taps for pipes and tanks,2022,1.042455,Machinery & mechanical appliances,Export
Valves and taps for pipes and tanks,2023,1.371827,Machinery & mechanical appliances,Export
Valves and taps for pipes and tanks,2024,1.388327,Machinery & mechanical appliances,Export
Valves and taps for pipes and tanks,2025,0.716358524,Machinery & mechanical appliances,Export
Special-purpose machines,2009,0.01337,Machinery & mechanical appliances,Export
Special-purpose machines,2010,0.035931,Machinery & mechanical appliances,Export
Special-purpose machines,2011,0.097166,Machinery & mechanical appliances,Export
Special-purpose machines,2012,0.127817,Machinery & mechanical appliances,Export
Special-purpose machines,2013,0.08971,Machinery & mechanical appliances,Export
Special-purpose machines,2014,0.120904,Machinery & mechanical appliances,Export
Special-purpose machines,2015,0.092424,Machinery & mechanical appliances,Export
Special-purpose machines,2016,0.5161870000000001,Machinery & mechanical appliances,Export
Special-purpose machines,2017,0.32769600000000004,Machinery & mechanical appliances,Export
Special-purpose machines,2018,0.16886099999999998,Machinery & mechanical appliances,Export
Special-purpose machines,2019,0.197933,Machinery & mechanical appliances,Export
Special-purpose machines,2020,0.228964,Machinery & mechanical appliances,Export
Special-purpose machines,2021,0.276371,Machinery & mechanical appliances,Export
Special-purpose machines,2022,0.38336200000000004,Machinery & mechanical appliances,Export
Special-purpose machines,2023,0.635242,Machinery & mechanical appliances,Export
Special-purpose machines,2024,1.156252,Machinery & mechanical appliances,Export
Special-purpose machines,2025,0.514278634,Machinery & mechanical appliances,Export
Liquid pumps,2009,0.068993,Machinery & mechanical appliances,Export
Liquid pumps,2010,0.128624,Machinery & mechanical appliances,Export
Liquid pumps,2011,0.191332,Machinery & mechanical appliances,Export
Liquid pumps,2012,0.219114,Machinery & mechanical appliances,Export
Liquid pumps,2013,0.27812,Machinery & mechanical appliances,Export
Liquid pumps,2014,0.283423,Machinery & mechanical appliances,Export
Liquid pumps,2015,0.22003899999999998,Machinery & mechanical appliances,Export
Liquid pumps,2016,0.231437,Machinery & mechanical appliances,Export
Liquid pumps,2017,0.26079199999999997,Machinery & mechanical appliances,Export
Liquid pumps,2018,0.280825,Machinery & mechanical appliances,Export
Liquid pumps,2019,0.295593,Machinery & mechanical appliances,Export
Liquid pumps,2020,0.31627,Machinery & mechanical appliances,Export
Liquid pumps,2021,0.420506,Machinery & mechanical appliances,Export
Liquid pumps,2022,0.6005739999999999,Machinery & mechanical appliances,Export
Liquid pumps,2023,0.944907,Machinery & mechanical appliances,Export
Liquid pumps,2024,1.0261600000000002,Machinery & mechanical appliances,Export
Liquid pumps,2025,0.510949874,Machinery & mechanical appliances,Export
Parts for lifting and earth-moving machinery,2009,0.083307,Machinery & mechanical appliances,Export
Parts for lifting and earth-moving machinery,2010,0.07337300000000001,Machinery & mechanical appliances,Export
Parts for lifting and earth-moving machinery,2011,0.13093100000000002,Machinery & mechanical appliances,Export
Parts for lifting and earth-moving machinery,2012,0.15267599999999998,Machinery & mechanical appliances,Export
Parts for lifting and earth-moving machinery,2013,0.201129,Machinery & mechanical appliances,Export
Parts for lifting and earth-moving machinery,2014,0.199346,Machinery & mechanical appliances,Export
Parts for lifting and earth-moving machinery,2015,0.138717,Machinery & mechanical appliances,Export
Parts for lifting and earth-moving machinery,2016,0.144574,Machinery & mechanical appliances,Export
Parts for lifting and earth-moving machinery,2017,0.177588,Machinery & mechanical appliances,Export
Parts for lifting and earth-moving machinery,2018,0.247101,Machinery & mechanical appliances,Export
Parts for lifting and earth-moving machinery,2019,0.318406,Machinery & mechanical appliances,Export
Parts for lifting and earth-moving machinery,2020,0.270743,Machinery & mechanical appliances,Export
Parts for lifting and earth-moving machinery,2021,0.325921,Machinery & mechanical appliances,Export
Parts for lifting and earth-moving machinery,2022,0.523101,Machinery & mechanical appliances,Export
Parts for lifting and earth-moving machinery,2023,0.8687630000000001,Machinery & mechanical appliances,Export
Parts for lifting and earth-moving machinery,2024,1.018678,Machinery & mechanical appliances,Export
Parts for lifting and earth-moving machinery,2025,0.462559589,Machinery & mechanical appliances,Export
Air and vacuum pumps; fans,2009,0.062223999999999995,Machinery & mechanical appliances,Export
Air and vacuum pumps; fans,2010,0.11981399999999999,Machinery & mechanical appliances,Export
Air and vacuum pumps; fans,2011,0.221758,Machinery & mechanical appliances,Export
Air and vacuum pumps; fans,2012,0.252743,Machinery & mechanical appliances,Export
Air and vacuum pumps; fans,2013,0.239219,Machinery & mechanical appliances,Export
Air and vacuum pumps; fans,2014,0.24438200000000002,Machinery & mechanical appliances,Export
Air and vacuum pumps; fans,2015,0.17294800000000002,Machinery & mechanical appliances,Export
Air and vacuum pumps; fans,2016,0.30185500000000004,Machinery & mechanical appliances,Export
Air and vacuum pumps; fans,2017,0.226938,Machinery & mechanical appliances,Export
Air and vacuum pumps; fans,2018,0.266062,Machinery & mechanical appliances,Export
Air and vacuum pumps; fans,2019,0.30157,Machinery & mechanical appliances,Export
Air and vacuum pumps; fans,2020,0.35251499999999997,Machinery & mechanical appliances,Export
Air and vacuum pumps; fans,2021,0.918406,Machinery & mechanical appliances,Export
Air and vacuum pumps; fans,2022,0.951929,Machinery & mechanical appliances,Export
Air and vacuum pumps; fans,2023,0.8127089999999999,Machinery & mechanical appliances,Export
Air and vacuum pumps; fans,2024,1.006924,Machinery & mechanical appliances,Export
Air and vacuum pumps; fans,2025,0.513042784,Machinery & mechanical appliances,Export
Air conditioning units,2009,0.076251,Machinery & mechanical appliances,Export
Air conditioning units,2010,0.201101,Machinery & mechanical appliances,Export
Air conditioning units,2011,0.601012,Machinery & mechanical appliances,Export
Air conditioning units,2012,0.434022,Machinery & mechanical appliances,Export
Air conditioning units,2013,0.341416,Machinery & mechanical appliances,Export
Air conditioning units,2014,0.335248,Machinery & mechanical appliances,Export
Air conditioning units,2015,0.187977,Machinery & mechanical appliances,Export
Air conditioning units,2016,0.343943,Machinery & mechanical appliances,Export
Air conditioning units,2017,0.496821,Machinery & mechanical appliances,Export
Air conditioning units,2018,0.401309,Machinery & mechanical appliances,Export
Air conditioning units,2019,0.4067,Machinery & mechanical appliances,Export
Air conditioning units,2020,0.357223,Machinery & mechanical appliances,Export
Air conditioning units,2021,0.5902419999999999,Machinery & mechanical appliances,Export
Air conditioning units,2022,0.761775,Machinery & mechanical appliances,Export
Air conditioning units,2023,0.804347,Machinery & mechanical appliances,Export
Air conditioning units,2024,1.002832,Machinery & mechanical appliances,Export
Air conditioning units,2025,0.762811894,Machinery & mechanical appliances,Export
Forklifts and industrial lifting trucks,2009,0.008246,Machinery & mechanical appliances,Export
Forklifts and industrial lifting trucks,2010,0.040610999999999994,Machinery & mechanical appliances,Export
Forklifts and industrial lifting trucks,2011,0.083135,Machinery & mechanical appliances,Export
Forklifts and industrial lifting trucks,2012,0.099881,Machinery & mechanical appliances,Export
Forklifts and industrial lifting trucks,2013,0.097166,Machinery & mechanical appliances,Export
Forklifts and industrial lifting trucks,2014,0.077612,Machinery & mechanical appliances,Export
Forklifts and industrial lifting trucks,2015,0.043909,Machinery & mechanical appliances,Export
Forklifts and industrial lifting trucks,2016,0.056799999999999996,Machinery & mechanical appliances,Export
Forklifts and industrial lifting trucks,2017,0.077569,Machinery & mechanical appliances,Export
Forklifts and industrial lifting trucks,2018,0.092788,Machinery & mechanical appliances,Export
Forklifts and industrial lifting trucks,2019,0.09641200000000001,Machinery & mechanical appliances,Export
Forklifts and industrial lifting trucks,2020,0.110748,Machinery & mechanical appliances,Export
Forklifts and industrial lifting trucks,2021,0.192226,Machinery & mechanical appliances,Export
Forklifts and industrial lifting trucks,2022,0.354114,Machinery & mechanical appliances,Export
Forklifts and industrial lifting trucks,2023,0.753807,Machinery & mechanical appliances,Export
Forklifts and industrial lifting trucks,2024,0.962779,Machinery & mechanical appliances,Export
Forklifts and industrial lifting trucks,2025,0.323503726,Machinery & mechanical appliances,Export
Hand-held powered tools,2009,0.16787200000000002,Machinery & mechanical appliances,Export
Hand-held powered tools,2010,0.28763799999999995,Machinery & mechanical appliances,Export
Hand-held powered tools,2011,0.354277,Machinery & mechanical appliances,Export
Hand-held powered tools,2012,0.30490300000000004,Machinery & mechanical appliances,Export
Hand-held powered tools,2013,0.42974,Machinery & mechanical appliances,Export
Hand-held powered tools,2014,0.444108,Machinery & mechanical appliances,Export
Hand-held powered tools,2015,0.241307,Machinery & mechanical appliances,Export
Hand-held powered tools,2016,0.245659,Machinery & mechanical appliances,Export
Hand-held powered tools,2017,0.41641500000000004,Machinery & mechanical appliances,Export
Hand-held powered tools,2018,0.428406,Machinery & mechanical appliances,Export
Hand-held powered tools,2019,0.456243,Machinery & mechanical appliances,Export
Hand-held powered tools,2020,0.516833,Machinery & mechanical appliances,Export
Hand-held powered tools,2021,0.7143550000000001,Machinery & mechanical appliances,Export
Hand-held powered tools,2022,0.5895739999999999,Machinery & mechanical appliances,Export
Hand-held powered tools,2023,0.956604,Machinery & mechanical appliances,Export
Hand-held powered tools,2024,0.931999,Machinery & mechanical appliances,Export
Hand-held powered tools,2025,0.388577009,Machinery & mechanical appliances,Export
Other,2009,1.3341020000000001,Machinery & mechanical appliances,Export
Other,2010,1.9227509999999999,Machinery & mechanical appliances,Export
Other,2011,2.848351,Machinery & mechanical appliances,Export
Other,2012,3.318221,Machinery & mechanical appliances,Export
Other,2013,3.406189,Machinery & mechanical appliances,Export
Other,2014,3.515333,Machinery & mechanical appliances,Export
Other,2015,2.3838150000000002,Machinery & mechanical appliances,Export
Other,2016,4.106666000000001,Machinery & mechanical appliances,Export
Other,2017,4.2050410000000005,Machinery & mechanical appliances,Export
Other,2018,3.827984,Machinery & mechanical appliances,Export
Other,2019,4.1301890000000006,Machinery & mechanical appliances,Export
Other,2020,4.3162020000000005,Machinery & mechanical appliances,Export
Other,2021,6.271811,Machinery & mechanical appliances,Export
Other,2022,7.0352939999999995,Machinery & mechanical appliances,Export
Other,2023,12.744225,Machinery & mechanical appliances,Export
Other,2024,13.500950999999999,Machinery & mechanical appliances,Export
Other,2025,6.9738172270000005,Machinery & mechanical appliances,Export
Phones and smartphones,2009,0.8290890000000001,Electrical machinery & equipment,Export
Phones and smartphones,2010,1.367354,Electrical machinery & equipment,Export
Phones and smartphones,2011,1.630831,Electrical machinery & equipment,Export
Phones and smartphones,2012,1.617224,Electrical machinery & equipment,Export
Phones and smartphones,2013,2.052631,Electrical machinery & equipment,Export
Phones and smartphones,2014,3.221754,Electrical machinery & equipment,Export
Phones and smartphones,2015,1.846141,Electrical machinery & equipment,Export
Phones and smartphones,2016,2.1693119999999997,Electrical machinery & equipment,Export
Phones and smartphones,2017,3.01999,Electrical machinery & equipment,Export
Phones and smartphones,2018,4.003792,Electrical machinery & equipment,Export
Phones and smartphones,2019,4.015391999999999,Electrical machinery & equipment,Export
Phones and smartphones,2020,4.572474000000001,Electrical machinery & equipment,Export
Phones and smartphones,2021,5.387104,Electrical machinery & equipment,Export
Phones and smartphones,2022,4.111406,Electrical machinery & equipment,Export
Phones and smartphones,2023,4.175594,Electrical machinery & equipment,Export
Phones and smartphones,2024,4.063609,Electrical machinery & equipment,Export
Phones and smartphones,2025,1.384796716,Electrical machinery & equipment,Export
Electric heaters and water heaters,2009,0.273098,Electrical machinery & equipment,Export
Electric heaters and water heaters,2010,0.458534,Electrical machinery & equipment,Export
Electric heaters and water heaters,2011,0.586854,Electrical machinery & equipment,Export
Electric heaters and water heaters,2012,0.642495,Electrical machinery & equipment,Export
Electric heaters and water heaters,2013,0.9767089999999999,Electrical machinery & equipment,Export
Electric heaters and water heaters,2014,0.67506,Electrical machinery & equipment,Export
Electric heaters and water heaters,2015,0.409289,Electrical machinery & equipment,Export
Electric heaters and water heaters,2016,0.419223,Electrical machinery & equipment,Export
Electric heaters and water heaters,2017,0.531752,Electrical machinery & equipment,Export
Electric heaters and water heaters,2018,0.5942350000000001,Electrical machinery & equipment,Export
Electric heaters and water heaters,2019,0.650193,Electrical machinery & equipment,Export
Electric heaters and water heaters,2020,0.7580560000000001,Electrical machinery & equipment,Export
Electric heaters and water heaters,2021,1.000226,Electrical machinery & equipment,Export
Electric heaters and water heaters,2022,0.923611,Electrical machinery & equipment,Export
Electric heaters and water heaters,2023,1.285106,Electrical machinery & equipment,Export
Electric heaters and water heaters,2024,1.40874,Electrical machinery & equipment,Export
Electric heaters and water heaters,2025,0.542791151,Electrical machinery & equipment,Export
Monitors and projectors (non-TV),2009,0.160499,Electrical machinery & equipment,Export
Monitors and projectors (non-TV),2010,0.30052100000000004,Electrical machinery & equipment,Export
Monitors and projectors (non-TV),2011,0.28224,Electrical machinery & equipment,Export
Monitors and projectors (non-TV),2012,0.5335679999999999,Electrical machinery & equipment,Export
Monitors and projectors (non-TV),2013,0.41731999999999997,Electrical machinery & equipment,Export
Monitors and projectors (non-TV),2014,0.6691710000000001,Electrical machinery & equipment,Export
Monitors and projectors (non-TV),2015,0.471665,Electrical machinery & equipment,Export
Monitors and projectors (non-TV),2016,0.43568799999999996,Electrical machinery & equipment,Export
Monitors and projectors (non-TV),2017,0.6052190000000001,Electrical machinery & equipment,Export
Monitors and projectors (non-TV),2018,0.687357,Electrical machinery & equipment,Export
Monitors and projectors (non-TV),2019,0.6737580000000001,Electrical machinery & equipment,Export
Monitors and projectors (non-TV),2020,0.668806,Electrical machinery & equipment,Export
Monitors and projectors (non-TV),2021,0.688256,Electrical machinery & equipment,Export
Monitors and projectors (non-TV),2022,0.8184239999999999,Electrical machinery & equipment,Export
Monitors and projectors (non-TV),2023,1.4209079999999998,Electrical machinery & equipment,Export
Monitors and projectors (non-TV),2024,1.21879,Electrical machinery & equipment,Export
Monitors and projectors (non-TV),2025,0.485123319,Electrical machinery & equipment,Export
Transformers and power converters,2009,0.089384,Electrical machinery & equipment,Export
Transformers and power converters,2010,0.165419,Electrical machinery & equipment,Export
Transformers and power converters,2011,0.21602000000000002,Electrical machinery & equipment,Export
Transformers and power converters,2012,0.244012,Electrical machinery & equipment,Export
Transformers and power converters,2013,0.271721,Electrical machinery & equipment,Export
Transformers and power converters,2014,0.291983,Electrical machinery & equipment,Export
Transformers and power converters,2015,0.2304,Electrical machinery & equipment,Export
Transformers and power converters,2016,0.229295,Electrical machinery & equipment,Export
Transformers and power converters,2017,0.294522,Electrical machinery & equipment,Export
Transformers and power converters,2018,0.340055,Electrical machinery & equipment,Export
Transformers and power converters,2019,0.33856400000000003,Electrical machinery & equipment,Export
Transformers and power converters,2020,0.385527,Electrical machinery & equipment,Export
Transformers and power converters,2021,0.511785,Electrical machinery & equipment,Export
Transformers and power converters,2022,0.634181,Electrical machinery & equipment,Export
Transformers and power converters,2023,1.234317,Electrical machinery & equipment,Export
Transformers and power converters,2024,0.806067,Electrical machinery & equipment,Export
Transformers and power converters,2025,0.357945826,Electrical machinery & equipment,Export
Household appliances with motors,2009,0.029882000000000002,Electrical machinery & equipment,Export
Household appliances with motors,2010,0.06990900000000001,Electrical machinery & equipment,Export
Household appliances with motors,2011,0.06558199999999999,Electrical machinery & equipment,Export
Household appliances with motors,2012,0.095564,Electrical machinery & equipment,Export
Household appliances with motors,2013,0.114898,Electrical machinery & equipment,Export
Household appliances with motors,2014,0.114528,Electrical machinery & equipment,Export
Household appliances with motors,2015,0.08363200000000001,Electrical machinery & equipment,Export
Household appliances with motors,2016,0.08097199999999999,Electrical machinery & equipment,Export
Household appliances with motors,2017,0.099538,Electrical machinery & equipment,Export
Household appliances with motors,2018,0.123752,Electrical machinery & equipment,Export
Household appliances with motors,2019,0.145748,Electrical machinery & equipment,Export
Household appliances with motors,2020,0.28787799999999997,Electrical machinery & equipment,Export
Household appliances with motors,2021,0.490203,Electrical machinery & equipment,Export
Household appliances with motors,2022,0.41596,Electrical machinery & equipment,Export
Household appliances with motors,2023,0.615803,Electrical machinery & equipment,Export
Household appliances with motors,2024,0.651244,Electrical machinery & equipment,Export
Household appliances with motors,2025,0.241528726,Electrical machinery & equipment,Export
"Electrical switches, fuses, and connectors",2009,0.050875,Electrical machinery & equipment,Export
"Electrical switches, fuses, and connectors",2010,0.157996,Electrical machinery & equipment,Export
"Electrical switches, fuses, and connectors",2011,0.183791,Electrical machinery & equipment,Export
"Electrical switches, fuses, and connectors",2012,0.2112,Electrical machinery & equipment,Export
"Electrical switches, fuses, and connectors",2013,0.217244,Electrical machinery & equipment,Export
"Electrical switches, fuses, and connectors",2014,0.236696,Electrical machinery & equipment,Export
"Electrical switches, fuses, and connectors",2015,0.19364099999999998,Electrical machinery & equipment,Export
"Electrical switches, fuses, and connectors",2016,0.203931,Electrical machinery & equipment,Export
"Electrical switches, fuses, and connectors",2017,0.239861,Electrical machinery & equipment,Export
"Electrical switches, fuses, and connectors",2018,0.26090199999999997,Electrical machinery & equipment,Export
"Electrical switches, fuses, and connectors",2019,0.25823700000000005,Electrical machinery & equipment,Export
"Electrical switches, fuses, and connectors",2020,0.289508,Electrical machinery & equipment,Export
"Electrical switches, fuses, and connectors",2021,0.392757,Electrical machinery & equipment,Export
"Electrical switches, fuses, and connectors",2022,0.510663,Electrical machinery & equipment,Export
"Electrical switches, fuses, and connectors",2023,0.800581,Electrical machinery & equipment,Export
"Electrical switches, fuses, and connectors",2024,0.64079,Electrical machinery & equipment,Export
"Electrical switches, fuses, and connectors",2025,0.328864426,Electrical machinery & equipment,Export
Electric motors and generators,2009,0.051621,Electrical machinery & equipment,Export
Electric motors and generators,2010,0.096046,Electrical machinery & equipment,Export
Electric motors and generators,2011,0.138349,Electrical machinery & equipment,Export
Electric motors and generators,2012,0.14827,Electrical machinery & equipment,Export
Electric motors and generators,2013,0.163094,Electrical machinery & equipment,Export
Electric motors and generators,2014,0.15376900000000002,Electrical machinery & equipment,Export
Electric motors and generators,2015,0.125148,Electrical machinery & equipment,Export
Electric motors and generators,2016,0.142995,Electrical machinery & equipment,Export
Electric motors and generators,2017,0.185363,Electrical machinery & equipment,Export
Electric motors and generators,2018,0.20763,Electrical machinery & equipment,Export
Electric motors and generators,2019,0.21849100000000002,Electrical machinery & equipment,Export
Electric motors and generators,2020,0.23331200000000002,Electrical machinery & equipment,Export
Electric motors and generators,2021,0.284026,Electrical machinery & equipment,Export
Electric motors and generators,2022,0.345696,Electrical machinery & equipment,Export
Electric motors and generators,2023,0.536559,Electrical machinery & equipment,Export
Electric motors and generators,2024,0.634517,Electrical machinery & equipment,Export
Electric motors and generators,2025,0.282855657,Electrical machinery & equipment,Export
Other,2009,1.059572,Electrical machinery & equipment,Export
Other,2010,1.821202,Electrical machinery & equipment,Export
Other,2011,2.226252,Electrical machinery & equipment,Export
Other,2012,2.449422,Electrical machinery & equipment,Export
Other,2013,2.6046460000000002,Electrical machinery & equipment,Export
Other,2014,2.530853,Electrical machinery & equipment,Export
Other,2015,1.776361,Electrical machinery & equipment,Export
Other,2016,1.770211,Electrical machinery & equipment,Export
Other,2017,2.465718,Electrical machinery & equipment,Export
Other,2018,3.116093,Electrical machinery & equipment,Export
Other,2019,3.1724789999999996,Electrical machinery & equipment,Export
Other,2020,3.508201,Electrical machinery & equipment,Export
Other,2021,5.340085,Electrical machinery & equipment,Export
Other,2022,5.571248,Electrical machinery & equipment,Export
Other,2023,7.027995,Electrical machinery & equipment,Export
Other,2024,6.541016,Electrical machinery & equipment,Export
Other,2025,3.0112420729999996,Electrical machinery & equipment,Export
Passenger cars,2009,0.052571,Vehicles,Export
Passenger cars,2010,0.21210900000000002,Vehicles,Export
Passenger cars,2011,0.40504,Vehicles,Export
Passenger cars,2012,0.5351670000000001,Vehicles,Export
Passenger cars,2013,0.685935,Vehicles,Export
Passenger cars,2014,0.5770839999999999,Vehicles,Export
Passenger cars,2015,0.158274,Vehicles,Export
Passenger cars,2016,0.249321,Vehicles,Export
Passenger cars,2017,0.261766,Vehicles,Export
Passenger cars,2018,0.205679,Vehicles,Export
Passenger cars,2019,0.439259,Vehicles,Export
Passenger cars,2020,0.502118,Vehicles,Export
Passenger cars,2021,1.518341,Vehicles,Export
Passenger cars,2022,1.68054,Vehicles,Export
Passenger cars,2023,11.658263999999999,Vehicles,Export
Passenger cars,2024,15.211233,Vehicles,Export
Passenger cars,2025,2.6606299009999996,Vehicles,Export
Tractors,2009,0.009718,Vehicles,Export
Tractors,2010,0.011946,Vehicles,Export
Tractors,2011,0.04274,Vehicles,Export
Tractors,2012,0.080494,Vehicles,Export
Tractors,2013,0.055873,Vehicles,Export
Tractors,2014,0.056465,Vehicles,Export
Tractors,2015,0.019863,Vehicles,Export
Tractors,2016,0.010205,Vehicles,Export
Tractors,2017,0.020086,Vehicles,Export
Tractors,2018,0.02462,Vehicles,Export
Tractors,2019,0.0341,Vehicles,Export
Tractors,2020,0.038477,Vehicles,Export
Tractors,2021,0.072506,Vehicles,Export
Tractors,2022,0.536785,Vehicles,Export
Tractors,2023,3.753865,Vehicles,Export
Tractors,2024,2.717314,Vehicles,Export
Tractors,2025,0.080915977,Vehicles,Export
Trucks and goods vehicles,2009,0.014691000000000001,Vehicles,Export
Trucks and goods vehicles,2010,0.034523000000000005,Vehicles,Export
Trucks and goods vehicles,2011,0.340618,Vehicles,Export
Trucks and goods vehicles,2012,0.533038,Vehicles,Export
Trucks and goods vehicles,2013,0.152757,Vehicles,Export
Trucks and goods vehicles,2014,0.116759,Vehicles,Export
Trucks and goods vehicles,2015,0.018265,Vehicles,Export
Trucks and goods vehicles,2016,0.02997,Vehicles,Export
Trucks and goods vehicles,2017,0.081489,Vehicles,Export
Trucks and goods vehicles,2018,0.111054,Vehicles,Export
Trucks and goods vehicles,2019,0.146947,Vehicles,Export
Trucks and goods vehicles,2020,0.11984399999999999,Vehicles,Export
Trucks and goods vehicles,2021,0.35547,Vehicles,Export
Trucks and goods vehicles,2022,1.525213,Vehicles,Export
Trucks and goods vehicles,2023,3.070915,Vehicles,Export
Trucks and goods vehicles,2024,2.706964,Vehicles,Export
Trucks and goods vehicles,2025,0.287282149,Vehicles,Export
Other,2009,0.29731599999999997,Vehicles,Export
Other,2010,0.710823,Vehicles,Export
Other,2011,1.3353620000000002,Vehicles,Export
Other,2012,1.697713,Vehicles,Export
Other,2013,1.748946,Vehicles,Export
Other,2014,1.610757,Vehicles,Export
Other,2015,0.93775,Vehicles,Export
Other,2016,0.96839,Vehicles,Export
Other,2017,1.283817,Vehicles,Export
Other,2018,1.421989,Vehicles,Export
Other,2019,1.537117,Vehicles,Export
Other,2020,1.4630329999999998,Vehicles,Export
Other,2021,2.336227,Vehicles,Export
Other,2022,2.553728,Vehicles,Export
Other,2023,4.027042,Vehicles,Export
Other,2024,4.850883,Vehicles,Export
Other,2025,2.007550892,Vehicles,Export
coal,2009,1.029036,Mineral fuels & oil,Import
coal,2010,1.504076,Mineral fuels & oil,Import
coal,2011,1.586336,Mineral fuels & oil,Import
coal,2012,2.399312,Mineral fuels & oil,Import
coal,2013,2.790893,Mineral fuels & oil,Import
coal,2014,2.198365,Mineral fuels & oil,Import
coal,2015,1.046666525,Mineral fuels & oil,Import
coal,2016,1.130039811,Mineral fuels & oil,Import
coal,2017,2.358257245,Mineral fuels & oil,Import
coal,2018,2.5722835660000003,Mineral fuels & oil,Import
coal,2019,2.698581238,Mineral fuels & oil,Import
coal,2020,2.697479716,Mineral fuels & oil,Import
coal,2021,7.266575884,Mineral fuels & oil,Import
coal,2022,12.206811371999999,Mineral fuels & oil,Import
coal,2023,14.464141222999999,Mineral fuels & oil,Import
coal,2024,10.921987278000001,Mineral fuels & oil,Import
coal,2025,4.100843006,Mineral fuels & oil,Import
gas,2009,0.044622,Mineral fuels & oil,Import
gas,2010,0.196027,Mineral fuels & oil,Import
gas,2011,0.19587700000000002,Mineral fuels & oil,Import
gas,2012,0.349332,Mineral fuels & oil,Import
gas,2013,0,Mineral fuels & oil,Import
gas,2014,0.087102,Mineral fuels & oil,Import
gas,2015,0.111692087,Mineral fuels & oil,Import
gas,2016,0.084845173,Mineral fuels & oil,Import
gas,2017,0.17685778500000002,Mineral fuels & oil,Import
gas,2018,0.403055292,Mineral fuels & oil,Import
gas,2019,1.145875419,Mineral fuels & oil,Import
gas,2020,2.3839918769999993,Mineral fuels & oil,Import
gas,2021,4.304187499,Mineral fuels & oil,Import
gas,2022,10.994532647,Mineral fuels & oil,Import
gas,2023,11.706847889,Mineral fuels & oil,Import
gas,2024,13.200762125,Mineral fuels & oil,Import
gas,2025,6.722752464,Mineral fuels & oil,Import
oil,2009,8.27477,Mineral fuels & oil,Import
oil,2010,11.089507,Mineral fuels & oil,Import
oil,2011,21.057459,Mineral fuels & oil,Import
oil,2012,26.636427,Mineral fuels & oil,Import
oil,2013,23.856084,Mineral fuels & oil,Import
oil,2014,27.251948,Mineral fuels & oil,Import
oil,2015,18.845946285,Mineral fuels & oil,Import
oil,2016,17.628171118999997,Mineral fuels & oil,Import
oil,2017,24.706075894,Mineral fuels & oil,Import
oil,2018,39.128778733000004,Mineral fuels & oil,Import
oil,2019,38.672413527,Mineral fuels & oil,Import
oil,2020,28.395659978,Mineral fuels & oil,Import
oil,2021,41.86620265,Mineral fuels & oil,Import
oil,2022,61.820625798,Mineral fuels & oil,Import
oil,2023,68.042070795,Mineral fuels & oil,Import
oil,2024,70.599293342,Mineral fuels & oil,Import
oil,2025,27.888459255,Mineral fuels & oil,Import
other,2009,0.037813,Mineral fuels & oil,Import
other,2010,0.058788,Mineral fuels & oil,Import
other,2011,0.082979,Mineral fuels & oil,Import
other,2012,0.137358,Mineral fuels & oil,Import
other,2013,0.233102,Mineral fuels & oil,Import
other,2014,0.181761,Mineral fuels & oil,Import
other,2015,0.018845946285,Mineral fuels & oil,Import
other,2016,0.017628171119,Mineral fuels & oil,Import
other,2017,0.024706075894,Mineral fuels & oil,Import
other,2018,0.039128778733,Mineral fuels & oil,Import
other,2019,0.038672413527,Mineral fuels & oil,Import
other,2020,0.028395659978,Mineral fuels & oil,Import
other,2021,0.041866202649999996,Mineral fuels & oil,Import
other,2022,0.061820625798000003,Mineral fuels & oil,Import
other,2023,0.068042070795,Mineral fuels & oil,Import
other,2024,0.07059929334199999,Mineral fuels & oil,Import
other,2025,0.2546622549999995,Mineral fuels & oil,Import
Raw Precious metals,2009,0,Raw metals,Import
Raw Precious metals,2010,0.014128,Raw metals,Import
Raw Precious metals,2011,0.057527999999999996,Raw metals,Import
Raw Precious metals,2012,0.113045,Raw metals,Import
Raw Precious metals,2013,0.17845599999999998,Raw metals,Import
Raw Precious metals,2014,0.15732300000000002,Raw metals,Import
Raw Precious metals,2015,0.108124,Raw metals,Import
Raw Precious metals,2016,0.15754200000000002,Raw metals,Import
Raw Precious metals,2017,0.252611,Raw metals,Import
Raw Precious metals,2018,0.32337299999999997,Raw metals,Import
Raw Precious metals,2019,0.553813,Raw metals,Import
Raw Precious metals,2020,0.707225,Raw metals,Import
Raw Precious metals,2021,0.502374,Raw metals,Import
Raw Precious metals,2022,0.427738,Raw metals,Import
Raw Precious metals,2023,1.287539,Raw metals,Import
Raw Precious metals,2024,1.8402319999999999,Raw metals,Import
Raw Precious metals,2025,1.058870203,Raw metals,Import
Raw Copper,2009,0.010638,Raw metals,Import
Raw Copper,2010,0.009765000000000001,Raw metals,Import
Raw Copper,2011,0,Raw metals,Import
Raw Copper,2012,0.014324,Raw metals,Import
Raw Copper,2013,0.015845,Raw metals,Import
Raw Copper,2014,0,Raw metals,Import
Raw Copper,2015,0.009311999999999999,Raw metals,Import
Raw Copper,2016,0.005416000000000001,Raw metals,Import
Raw Copper,2017,0.008183,Raw metals,Import
Raw Copper,2018,0.152605,Raw metals,Import
Raw Copper,2019,0.236559,Raw metals,Import
Raw Copper,2020,0.740587,Raw metals,Import
Raw Copper,2021,1.219351,Raw metals,Import
Raw Copper,2022,0.985878,Raw metals,Import
Raw Copper,2023,0.864572,Raw metals,Import
Raw Copper,2024,1.422044,Raw metals,Import
Raw Copper,2025,1.197666568,Raw metals,Import
Raw Iron,2009,0.7749429999999999,Raw metals,Import
Raw Iron,2010,0.869768,Raw metals,Import
Raw Iron,2011,2.7654609999999997,Raw metals,Import
Raw Iron,2012,1.774723,Raw metals,Import
Raw Iron,2013,1.415694,Raw metals,Import
Raw Iron,2014,0.677586,Raw metals,Import
Raw Iron,2015,0.44922,Raw metals,Import
Raw Iron,2016,0.33939600000000003,Raw metals,Import
Raw Iron,2017,0.384064,Raw metals,Import
Raw Iron,2018,0.26439100000000004,Raw metals,Import
Raw Iron,2019,0.822118,Raw metals,Import
Raw Iron,2020,1.4169,Raw metals,Import
Raw Iron,2021,1.488414,Raw metals,Import
Raw Iron,2022,1.063836,Raw metals,Import
Raw Iron,2023,1.0609439999999999,Raw metals,Import
Raw Iron,2024,0.946054,Raw metals,Import
Raw Iron,2025,0.583741796,Raw metals,Import
Raw Lead,2009,0.13355699999999998,Raw metals,Import
Raw Lead,2010,0.14186400000000002,Raw metals,Import
Raw Lead,2011,0.29227,Raw metals,Import
Raw Lead,2012,0.32284500000000005,Raw metals,Import
Raw Lead,2013,0.31399900000000003,Raw metals,Import
Raw Lead,2014,0.208398,Raw metals,Import
Raw Lead,2015,0.208936,Raw metals,Import
Raw Lead,2016,0.256,Raw metals,Import
Raw Lead,2017,0.338978,Raw metals,Import
Raw Lead,2018,0.35745,Raw metals,Import
Raw Lead,2019,0.39954700000000004,Raw metals,Import
Raw Lead,2020,0.385658,Raw metals,Import
Raw Lead,2021,0.43547199999999997,Raw metals,Import
Raw Lead,2022,0.408032,Raw metals,Import
Raw Lead,2023,0.531799,Raw metals,Import
Raw Lead,2024,0.626171,Raw metals,Import
Raw Lead,2025,0.35955584900000004,Raw metals,Import
Other,2009,0.140204,Raw metals,Import
Other,2010,0.178731,Raw metals,Import
Other,2011,0.232957,Raw metals,Import
Other,2012,0.24998900000000002,Raw metals,Import
Other,2013,0.178164,Raw metals,Import
Other,2014,0.16193700000000003,Raw metals,Import
Other,2015,0.130642,Raw metals,Import
Other,2016,0.12352500000000001,Raw metals,Import
Other,2017,0.272017,Raw metals,Import
Other,2018,0.444764,Raw metals,Import
Other,2019,0.221172,Raw metals,Import
Other,2020,0.275057,Raw metals,Import
Other,2021,0.617535,Raw metals,Import
Other,2022,0.754832,Raw metals,Import
Other,2023,0.66074,Raw metals,Import
Other,2024,0.632576,Raw metals,Import
Other,2025,0.46555259799999976,Raw metals,Import
Raw Copper,2009,0.157808,Copper & articles thereof,Import
Raw Copper,2010,0.34073000000000003,Copper & articles thereof,Import
Raw Copper,2011,0.067215,Copper & articles thereof,Import
Raw Copper,2012,0.290691,Copper & articles thereof,Import
Raw Copper,2013,0.06382399999999999,Copper & articles thereof,Import
Raw Copper,2014,0.147288,Copper & articles thereof,Import
Raw Copper,2015,0.642773,Copper & articles thereof,Import
Raw Copper,2016,0.446083,Copper & articles thereof,Import
Raw Copper,2017,0.40896,Copper & articles thereof,Import
Raw Copper,2018,1.6196030000000001,Copper & articles thereof,Import
Raw Copper,2019,1.634523,Copper & articles thereof,Import
Raw Copper,2020,2.782014,Copper & articles thereof,Import
Raw Copper,2021,3.904847,Copper & articles thereof,Import
Raw Copper,2022,2.9332559999999996,Copper & articles thereof,Import
Raw Copper,2023,3.159231,Copper & articles thereof,Import
Raw Copper,2024,2.2602539999999998,Copper & articles thereof,Import
Raw Copper,2025,2.271559427,Copper & articles thereof,Import
Copper waste,2009,0.003711,Copper & articles thereof,Import
Copper waste,2010,9.76e-4,Copper & articles thereof,Import
Copper waste,2011,0.0037949999999999998,Copper & articles thereof,Import
Copper waste,2012,0.003376,Copper & articles thereof,Import
Copper waste,2013,2.41e-4,Copper & articles thereof,Import
Copper waste,2014,0.005583,Copper & articles thereof,Import
Copper waste,2015,0.0043890000000000005,Copper & articles thereof,Import
Copper waste,2016,8.08e-4,Copper & articles thereof,Import
Copper waste,2017,0.0073620000000000005,Copper & articles thereof,Import
Copper waste,2018,0.010661,Copper & articles thereof,Import
Copper waste,2019,0.005118999999999999,Copper & articles thereof,Import
Copper waste,2020,3.76e-4,Copper & articles thereof,Import
Copper waste,2021,0.007724,Copper & articles thereof,Import
Copper waste,2022,0.010826,Copper & articles thereof,Import
Copper waste,2023,0.054672,Copper & articles thereof,Import
Copper waste,2024,0.728471,Copper & articles thereof,Import
Copper waste,2025,0.358091299,Copper & articles thereof,Import
Other,2009,0.092732,Copper & articles thereof,Import
Other,2010,0.07412099999999999,Copper & articles thereof,Import
Other,2011,0.169427,Copper & articles thereof,Import
Other,2012,0.09470999999999999,Copper & articles thereof,Import
Other,2013,0.114901,Copper & articles thereof,Import
Other,2014,0.021308,Copper & articles thereof,Import
Other,2015,5.859999999999999e-4,Copper & articles thereof,Import
Other,2016,4.04e-4,Copper & articles thereof,Import
Other,2017,0.011203,Copper & articles thereof,Import
Other,2018,0.029627,Copper & articles thereof,Import
Other,2019,0.012277,Copper & articles thereof,Import
Other,2020,0.016401,Copper & articles thereof,Import
Other,2021,0.0011459999999999999,Copper & articles thereof,Import
Other,2022,3.11e-4,Copper & articles thereof,Import
Other,2023,7.43e-4,Copper & articles thereof,Import
Other,2024,0.012206,Copper & articles thereof,Import
Other,2025,0.03673780999999963,Copper & articles thereof,Import
Raw aluminium,2009,0.624867,Aluminium & articles thereof,Import
Raw aluminium,2010,0.215807,Aluminium & articles thereof,Import
Raw aluminium,2011,0.263115,Aluminium & articles thereof,Import
Raw aluminium,2012,0.38026299999999996,Aluminium & articles thereof,Import
Raw aluminium,2013,0.23768999999999998,Aluminium & articles thereof,Import
Raw aluminium,2014,0.143108,Aluminium & articles thereof,Import
Raw aluminium,2015,0.022781,Aluminium & articles thereof,Import
Raw aluminium,2016,0.024021,Aluminium & articles thereof,Import
Raw aluminium,2017,0.036296999999999996,Aluminium & articles thereof,Import
Raw aluminium,2018,0.145981,Aluminium & articles thereof,Import
Raw aluminium,2019,0.056369999999999996,Aluminium & articles thereof,Import
Raw aluminium,2020,0.741183,Aluminium & articles thereof,Import
Raw aluminium,2021,0.776923,Aluminium & articles thereof,Import
Raw aluminium,2022,1.3295270000000001,Aluminium & articles thereof,Import
Raw aluminium,2023,2.826777,Aluminium & articles thereof,Import
Raw aluminium,2024,3.5406,Aluminium & articles thereof,Import
Raw aluminium,2025,3.027443964,Aluminium & articles thereof,Import
other,2009,0.010433,Aluminium & articles thereof,Import
other,2010,0.00705,Aluminium & articles thereof,Import
other,2011,0.023131,Aluminium & articles thereof,Import
other,2012,0.007174000000000001,Aluminium & articles thereof,Import
other,2013,0.007306,Aluminium & articles thereof,Import
other,2014,0.011885,Aluminium & articles thereof,Import
other,2015,0.024835999999999997,Aluminium & articles thereof,Import
other,2016,0.029348,Aluminium & articles thereof,Import
other,2017,0.034009,Aluminium & articles thereof,Import
other,2018,0.021799,Aluminium & articles thereof,Import
other,2019,0.028864,Aluminium & articles thereof,Import
other,2020,0.041487,Aluminium & articles thereof,Import
other,2021,0.034709000000000004,Aluminium & articles thereof,Import
other,2022,0.045361,Aluminium & articles thereof,Import
other,2023,0.039877,Aluminium & articles thereof,Import
other,2024,0.039339,Aluminium & articles thereof,Import
other,2025,0.074313627,Aluminium & articles thereof,Import
Sawn or cut wood,2009,0.5993419999999999,Wood & articles of wood; charcoal,Import
Sawn or cut wood,2010,0.897146,Wood & articles of wood; charcoal,Import
Sawn or cut wood,2011,1.321342,Wood & articles of wood; charcoal,Import
Sawn or cut wood,2012,1.283497,Wood & articles of wood; charcoal,Import
Sawn or cut wood,2013,1.362384,Wood & articles of wood; charcoal,Import
Sawn or cut wood,2014,1.557698,Wood & articles of wood; charcoal,Import
Sawn or cut wood,2015,1.777563,Wood & articles of wood; charcoal,Import
Sawn or cut wood,2016,2.323556,Wood & articles of wood; charcoal,Import
Sawn or cut wood,2017,2.973539,Wood & articles of wood; charcoal,Import
Sawn or cut wood,2018,3.269098,Wood & articles of wood; charcoal,Import
Sawn or cut wood,2019,3.233108,Wood & articles of wood; charcoal,Import
Sawn or cut wood,2020,2.7947930000000003,Wood & articles of wood; charcoal,Import
Sawn or cut wood,2021,3.0437339999999997,Wood & articles of wood; charcoal,Import
Sawn or cut wood,2022,2.992121,Wood & articles of wood; charcoal,Import
Sawn or cut wood,2023,2.646705,Wood & articles of wood; charcoal,Import
Sawn or cut wood,2024,2.602468,Wood & articles of wood; charcoal,Import
Sawn or cut wood,2025,1.2121462630000002,Wood & articles of wood; charcoal,Import
unprocessed wood,2009,1.736754,Wood & articles of wood; charcoal,Import
unprocessed wood,2010,1.821727,Wood & articles of wood; charcoal,Import
unprocessed wood,2011,2.114528,Wood & articles of wood; charcoal,Import
unprocessed wood,2012,1.562238,Wood & articles of wood; charcoal,Import
unprocessed wood,2013,1.408044,Wood & articles of wood; charcoal,Import
unprocessed wood,2014,1.541736,Wood & articles of wood; charcoal,Import
unprocessed wood,2015,1.281021,Wood & articles of wood; charcoal,Import
unprocessed wood,2016,1.268451,Wood & articles of wood; charcoal,Import
unprocessed wood,2017,1.3991500000000001,Wood & articles of wood; charcoal,Import
unprocessed wood,2018,1.2965609999999999,Wood & articles of wood; charcoal,Import
unprocessed wood,2019,0.9090710000000001,Wood & articles of wood; charcoal,Import
unprocessed wood,2020,0.751306,Wood & articles of wood; charcoal,Import
unprocessed wood,2021,0.827035,Wood & articles of wood; charcoal,Import
unprocessed wood,2022,0.27666199999999996,Wood & articles of wood; charcoal,Import
unprocessed wood,2023,0.183089,Wood & articles of wood; charcoal,Import
unprocessed wood,2024,0.187649,Wood & articles of wood; charcoal,Import
unprocessed wood,2025,0.106354773,Wood & articles of wood; charcoal,Import
laminated panels,2009,0.0054729999999999996,Wood & articles of wood; charcoal,Import
laminated panels,2010,0.009437,Wood & articles of wood; charcoal,Import
laminated panels,2011,0.011253,Wood & articles of wood; charcoal,Import
laminated panels,2012,0.010895,Wood & articles of wood; charcoal,Import
laminated panels,2013,0.015354,Wood & articles of wood; charcoal,Import
laminated panels,2014,0.025539000000000003,Wood & articles of wood; charcoal,Import
laminated panels,2015,0.018018999999999997,Wood & articles of wood; charcoal,Import
laminated panels,2016,0.025070000000000002,Wood & articles of wood; charcoal,Import
laminated panels,2017,0.023693000000000002,Wood & articles of wood; charcoal,Import
laminated panels,2018,0.03077,Wood & articles of wood; charcoal,Import
laminated panels,2019,0.026966,Wood & articles of wood; charcoal,Import
laminated panels,2020,0.038903,Wood & articles of wood; charcoal,Import
laminated panels,2021,0.046859000000000005,Wood & articles of wood; charcoal,Import
laminated panels,2022,0.075985,Wood & articles of wood; charcoal,Import
laminated panels,2023,0.13397499999999998,Wood & articles of wood; charcoal,Import
laminated panels,2024,0.173583,Wood & articles of wood; charcoal,Import
laminated panels,2025,0.085411371,Wood & articles of wood; charcoal,Import
Other,2009,0.021199000000000003,Wood & articles of wood; charcoal,Import
Other,2010,0.029405,Wood & articles of wood; charcoal,Import
Other,2011,0.040774,Wood & articles of wood; charcoal,Import
Other,2012,0.052236,Wood & articles of wood; charcoal,Import
Other,2013,0.041078,Wood & articles of wood; charcoal,Import
Other,2014,0.037363999999999994,Wood & articles of wood; charcoal,Import
Other,2015,0.049335000000000004,Wood & articles of wood; charcoal,Import
Other,2016,0.06388300000000001,Wood & articles of wood; charcoal,Import
Other,2017,0.07548,Wood & articles of wood; charcoal,Import
Other,2018,0.095666,Wood & articles of wood; charcoal,Import
Other,2019,0.110592,Wood & articles of wood; charcoal,Import
Other,2020,0.124333,Wood & articles of wood; charcoal,Import
Other,2021,0.136137,Wood & articles of wood; charcoal,Import
Other,2022,0.252869,Wood & articles of wood; charcoal,Import
Other,2023,0.18715299999999999,Wood & articles of wood; charcoal,Import
Other,2024,0.20112,Wood & articles of wood; charcoal,Import
Other,2025,0.10141099200000007,Wood & articles of wood; charcoal,Import
Other,2009,12.029766,Other,Export
Other,2010,19.314275,Other,Export
Other,2011,24.21737,Other,Export
Other,2012,26.76221,Other,Export
Other,2013,32.09472,Other,Export
Other,2014,35.533031,Other,Export
Other,2015,23.304374,Other,Export
Other,2016,23.02657,Other,Export
Other,2017,25.365289,Other,Export
Other,2018,27.99538,Other,Export
Other,2019,28.811931,Other,Export
Other,2020,27.493949,Other,Export
Other,2021,34.469193,Other,Export
Other,2022,39.614798,Other,Export
Other,2023,46.192822,Other,Export
Other,2024,46.731873,Other,Export
Other,2025,22.660952748,Other,Export
Other,2009,7.58505,Other,Import
Other,2010,8.454943,Other,Import
Other,2011,10.07715,Other,Import
Other,2012,8.455844,Other,Import
Other,2013,7.434769,Other,Import
Other,2014,7.177577,Other,Import
Other,2015,8.266276,Other,Import
Other,2016,8.152997,Other,Import
Other,2017,7.84398,Other,Import
Other,2018,8.712645,Other,Import
Other,2019,10.18538,Other,Import
Other,2020,13.07387,Other,Import
Other,2021,12.722948,Other,Import
Other,2022,17.2136,Other,Import
Other,2023,20.811151,Other,Import
Other,2024,19.034077,Other,Import
Other,2025,9.422658422,Other,Import
